{
    "accuracy": 0.7210158762057878,
    "loss": 0.42949284122017034,
    "roc_auc": 0.7641934942640533,
    "avg_precision": 0.8507191529841316
}