{
    "accuracy": 0.7087570337620579,
    "loss": 0.40794101666503396,
    "roc_auc": 0.7643835789835278,
    "avg_precision": 0.8526774566979087
}