{
    "accuracy": 0.7007335209003215,
    "loss": 0.41965378394464203,
    "roc_auc": 0.7589597184828779,
    "avg_precision": 0.838364045023321
}