{
    "accuracy": 0.687027733118971,
    "loss": 0.42233166663976346,
    "roc_auc": 0.7251463930551116,
    "avg_precision": 0.8208418632939267
}