{
    "accuracy": 0.6769543810289389,
    "loss": 0.4162843178514499,
    "roc_auc": 0.7319462675077905,
    "avg_precision": 0.8222060731799822
}