{
    "accuracy": 0.6808118971061093,
    "loss": 0.41815887128041873,
    "roc_auc": 0.7405076331062581,
    "avg_precision": 0.8175048901039621
}