{
    "train_loss": [
        0.42199232290531025,
        0.41459210371148997,
        0.41559908944984963,
        0.41291858019499944,
        0.41106074329080255
    ],
    "train_acc": [
        0.6594288793103448,
        0.6655172413793103,
        0.6692887931034482,
        0.6750538793103448,
        0.6761314655172413
    ],
    "val_loss": [
        0.43064784337661655,
        0.4162843178514499,
        0.4263997204434067,
        0.4205423206617978,
        0.42233166663976346
    ],
    "val_acc": [
        0.6072447749196141,
        0.6769543810289389,
        0.6291499196141479,
        0.6777331189710611,
        0.687027733118971
    ],
    "val_roc_auc": [
        0.722885967421442,
        0.7319462675077905,
        0.7276951840672046,
        0.7276044371809821,
        0.7251463930551116
    ],
    "val_avg_precision": [
        0.817487546894619,
        0.8222060731799822,
        0.8206877279359966,
        0.8173267056608928,
        0.8208418632939267
    ],
    "learning_rate": [
        0.001,
        0.001,
        0.001,
        0.001,
        0.001
    ]
}