{
    "accuracy": 0.7099082740009187,
    "loss": 0.42183754611101565,
    "roc_auc": 0.7751306653380461,
    "avg_precision": 0.859856049259999
}