{
    "accuracy": 0.7098372186495177,
    "loss": 0.4424334732378411,
    "roc_auc": 0.7733027097491737,
    "avg_precision": 0.8571913561834621
}