{
    "accuracy": 0.707034766881029,
    "loss": 0.4356456206829985,
    "roc_auc": 0.7764911443171093,
    "avg_precision": 0.8515846706826118
}