{
    "train_loss": [
        0.4182116574254529,
        0.40732019502541117,
        0.4060256312633383,
        0.40069059071869684,
        0.3934848729906411,
        0.3876322503747611,
        0.38681280818478814,
        0.3778538231191964,
        0.37322786984772516,
        0.36626651492612117,
        0.371048321600618,
        0.36017229659803984,
        0.35580177471555513,
        0.352700673711711,
        0.3459458864968398,
        0.3390208895864158,
        0.3361544775551763,
        0.3330112747077284,
        0.33130718983452895,
        0.3282027370970825,
        0.3199179304057154,
        0.31062793012323053,
        0.3035691428801109,
        0.30344158102726115,
        0.29974856787714466,
        0.29560611761849503,
        0.2901521066139484,
        0.2955446059333867,
        0.28830737296877235,
        0.29166133290734786,
        0.28512507553758293,
        0.28276116591075373,
        0.2783101865957523,
        0.275484087241107,
        0.2797643226796183,
        0.2764710218741976,
        0.2737873361028474,
        0.276692278426269,
        0.2723001963105695,
        0.2710389846357806,
        0.25835351543179874,
        0.255026294547936,
        0.2591743191768383,
        0.25658312388535204,
        0.25480135987544883,
        0.24605637984029177,
        0.250185573306577,
        0.2534965354820778,
        0.25086992742686437,
        0.24449986394109396
    ],
    "train_acc": [
        0.6642241379310345,
        0.6781788793103448,
        0.6900323275862069,
        0.6954202586206897,
        0.7056573275862069,
        0.7164331896551724,
        0.7161637931034482,
        0.7285560344827586,
        0.7289331896551724,
        0.7367995689655172,
        0.7349676724137931,
        0.7462284482758621,
        0.7491379310344828,
        0.7521551724137931,
        0.7554956896551724,
        0.762823275862069,
        0.7635237068965517,
        0.7705280172413793,
        0.7679956896551724,
        0.775323275862069,
        0.7768318965517241,
        0.7883620689655172,
        0.7885775862068966,
        0.793426724137931,
        0.7912176724137931,
        0.7957974137931034,
        0.7988685344827586,
        0.7955818965517242,
        0.802801724137931,
        0.8011853448275862,
        0.8045797413793103,
        0.805603448275862,
        0.8109913793103448,
        0.8157327586206896,
        0.807489224137931,
        0.8116918103448276,
        0.8120689655172414,
        0.8096443965517242,
        0.8188577586206897,
        0.8132543103448275,
        0.8297952586206897,
        0.8269396551724137,
        0.8244073275862069,
        0.8276939655172414,
        0.8295258620689655,
        0.8395474137931035,
        0.8310344827586207,
        0.8295797413793103,
        0.8274245689655172,
        0.8385237068965518
    ],
    "val_loss": [
        0.4342244846261199,
        0.42346451558484144,
        0.47899733843144116,
        0.4165623683446473,
        0.4185047761037035,
        0.4332395677972837,
        0.4386293732372511,
        0.42391044064350064,
        0.42050114331521404,
        0.42416093783554926,
        0.42806110066328784,
        0.4176706202879213,
        0.428870010174739,
        0.4709342946193609,
        0.4333140228626429,
        0.4223786339499176,
        0.4126203006247232,
        0.40646338220865397,
        0.4196166071525724,
        0.4359273422281842,
        0.41366581654721135,
        0.41492186781390306,
        0.4171055859116496,
        0.4495462458281272,
        0.4191834968769282,
        0.42709733914715686,
        0.41757020972357684,
        0.4181153545233981,
        0.4371493203607403,
        0.42332233701775696,
        0.4303303919133649,
        0.42960469659501715,
        0.42204804402263985,
        0.4335074613763205,
        0.4392102451761436,
        0.43659171064375296,
        0.4284729970756834,
        0.4294005648212034,
        0.4272132271307841,
        0.42183754611101565,
        0.4316747510308621,
        0.4436056337460061,
        0.43483800671012457,
        0.43354640366850944,
        0.4478113552094273,
        0.4508567256463686,
        0.43811576554725407,
        0.44089966600347563,
        0.45704164448227147,
        0.4424334732378411
    ],
    "val_acc": [
        0.6100834003215434,
        0.7078024517684888,
        0.5961881316031236,
        0.6891629823151125,
        0.6868518890675241,
        0.6624095659163988,
        0.6427903938906753,
        0.661153536977492,
        0.6778838424437299,
        0.6459232889297198,
        0.6865755627009646,
        0.7016981511254019,
        0.715347238171796,
        0.6915422599908131,
        0.7022601343592099,
        0.6773563102893891,
        0.7047628617363344,
        0.6725877067064768,
        0.6991193442811208,
        0.7054913585209004,
        0.7246583601286174,
        0.7116372875516767,
        0.6996382636655949,
        0.6540860415709693,
        0.682979013550758,
        0.7202249368396877,
        0.7085976975195223,
        0.7065421164446486,
        0.7207984037666514,
        0.7129564768029398,
        0.6955895440973817,
        0.7171724276527331,
        0.7019830902618281,
        0.6813461759301791,
        0.6663700045934773,
        0.7178801102434543,
        0.691992994947175,
        0.7017483922829583,
        0.6845867305925586,
        0.7099082740009187,
        0.7128014469453376,
        0.718453577170418,
        0.7099003789618742,
        0.7084469740468535,
        0.699169585438677,
        0.7034946313734497,
        0.7172980305466238,
        0.7077435978410658,
        0.7047334347726228,
        0.7098372186495177
    ],
    "val_roc_auc": [
        0.7198057298262407,
        0.7343501328564442,
        0.7301070302383565,
        0.7338838318281308,
        0.7324184406332637,
        0.7295074394930224,
        0.7365157431698048,
        0.7374881565550081,
        0.7330547597507291,
        0.7326689656383937,
        0.7356773603671247,
        0.7486476153960298,
        0.7406951903990039,
        0.6954216305779974,
        0.7391712961341588,
        0.7476792057773362,
        0.753650157169204,
        0.7531535650043096,
        0.7401439091453608,
        0.7479618199588525,
        0.7657883836877826,
        0.767769380721014,
        0.7691015581129726,
        0.7649716785815833,
        0.7704513714778467,
        0.762758211449571,
        0.7673025033077746,
        0.7691346889996762,
        0.7590250197056166,
        0.7543713384233801,
        0.7621402944752274,
        0.7704080470128561,
        0.7631225331146918,
        0.7668842769997313,
        0.7675673212532499,
        0.7637871147749624,
        0.7699960526910968,
        0.7719319131613634,
        0.7684864837003853,
        0.7751306653380461,
        0.7723631882618024,
        0.7721292996937771,
        0.7726776638773685,
        0.774212491180186,
        0.7740877671054909,
        0.7723682688840514,
        0.7732835091020571,
        0.7713167037903546,
        0.7656235825851182,
        0.7733027097491737
    ],