{
    "accuracy": 0.6591045673076923,
    "loss": 0.41633761229996497,
    "roc_auc": 0.7297079410955791,
    "avg_precision": 0.823079190565933
}