{
    "accuracy": 0.6723132011217949,
    "loss": 0.41820036390653026,
    "roc_auc": 0.7440849198078676,
    "avg_precision": 0.8179349452390097
}