{
    "accuracy": 0.7423880912162163,
    "loss": 0.37090632733646206,
    "roc_auc": 0.8160041234743768,
    "avg_precision": 0.8825455392933826
}