{
    "accuracy": 0.7455945342664093,
    "loss": 0.3796209905879315,
    "roc_auc": 0.8169268305959849,
    "avg_precision": 0.8753211208976551
}