{
    "accuracy": 0.741339888996139,
    "loss": 0.37706408148377946,
    "roc_auc": 0.8138118104916198,
    "avg_precision": 0.8802907836200973
}