{
    "train_loss": [
        0.42118293828954384,
        0.41183365296480084,
        0.40882227502085944,
        0.40025647982092927,
        0.3868261912514356,
        0.3768100835198213,
        0.374211112883958,
        0.3682284890866477,
        0.361134654911589,
        0.3633225764001697,
        0.35971808088712454,
        0.3548674725057665,
        0.3520902717285905,
        0.3510304230057504,
        0.35170091713262985,
        0.34845249317894295,
        0.3415139497311647,
        0.34416939373597627,
        0.34063383850676954,
        0.34228474899264405,
        0.33051469407914097,
        0.33250515975735406,
        0.3277573749607752,
        0.3288681041911121,
        0.3289953815358237,
        0.32706416607641975,
        0.3229888624334631,
        0.3231125463816253,
        0.32223298049662724,
        0.3227492549325809,
        0.32351797695987483,
        0.3211801635209194,
        0.3232968279645463,
        0.31974594864594047,
        0.31801824791988065,
        0.3198418472855052,
        0.31996681716693337,
        0.3207071782205223,
        0.3165527143138499,
        0.3172717117204154,
        0.3149742388959266,
        0.31199300089035154,
        0.3097182304467544,
        0.31341989236799156,
        0.31090162817604283,
        0.31185404032715097,
        0.3106060996343774,
        0.31121172629727806,
        0.3103725860003105,
        0.3101024773310531
    ],
    "train_acc": [
        0.6629003099173554,
        0.6727789256198347,
        0.6794615185950413,
        0.6894692665289256,
        0.7030765754132231,
        0.718072055785124,
        0.7166838842975206,
        0.7262558109504132,
        0.7354887654958677,
        0.7313242510330579,
        0.7372966167355371,
        0.7407509039256198,
        0.7430268595041323,
        0.7443343233471075,
        0.7436886621900827,
        0.7483697055785123,
        0.7526794938016529,
        0.75221138946281,
        0.7537609762396694,
        0.7548908832644629,
        0.7666257747933884,
        0.760443569214876,
        0.7696442407024794,
        0.7680139462809917,
        0.7665127840909091,
        0.7677395402892562,
        0.7699993543388429,
        0.771823347107438,
        0.7715489411157025,
        0.7720654700413223,
        0.7711615444214877,
        0.7726949896694215,
        0.7740831611570248,
        0.7743575671487604,
        0.777214617768595,
        0.7743414256198347,
        0.7747288223140496,
        0.7733245092975206,
        0.7795067148760331,
        0.7775374483471075,
        0.782186208677686,
        0.7822023502066116,
        0.7838003615702479,
        0.7827350206611571,
        0.7828157283057852,
        0.7811692923553719,
        0.782266916322314,
        0.7832838326446281,
        0.7797326962809917,
        0.7829287190082644
    ],
    "val_loss": [
        0.42033555041135623,
        0.4382521012603776,
        0.4080364598630133,
        0.41690754855562245,
        0.3890143087471774,
        0.3887720363480704,
        0.38997679362864623,
        0.3787840192051583,
        0.3871555970622133,
        0.39040284052951457,
        0.38429938510247297,
        0.384276770596468,
        0.3842340705207905,
        0.37777796163292005,
        0.37713687318201,
        0.37262865667263745,
        0.37175016264920213,
        0.36811584250598745,
        0.37362168701077925,
        0.3762278443240133,
        0.36395540080594196,
        0.3678444266206006,
        0.36853518996668194,
        0.374816656188633,
        0.36699284348164013,
        0.3731418711948658,
        0.3650541773886675,
        0.36997562845580956,
        0.37067545583187583,
        0.37201947010028746,
        0.36739860014166525,
        0.36944069451734274,
        0.37399614282252636,
        0.3746233335359051,
        0.3714854820288941,
        0.3699453500145327,
        0.37090632733646206,
        0.3711063186669521,
        0.3769936298679122,
        0.37171015694883963,
        0.36979376198813807,
        0.37187420568495455,
        0.37813727552063126,
        0.3721705186744868,
        0.3742775326193774,
        0.3754752545166243,
        0.3793860722084181,
        0.3744861225725213,
        0.3754607284997597,
        0.37706408148377946
    ],
    "val_acc": [
        0.6779802123552124,
        0.7098862813706565,
        0.6848048383204633,
        0.6736667471042471,
        0.7171709097490347,
        0.7234359917953668,
        0.7312183277027027,
        0.7108801882239382,
        0.7232851713320463,
        0.7376659025096525,
        0.7361652388996138,
        0.7205719111969112,
        0.737433638996139,
        0.7371998672779924,
        0.7222460183397684,
        0.734485098938224,
        0.7283542471042471,
        0.7310705236486487,
        0.726657516891892,
        0.7301716336872587,
        0.746734736969112,
        0.7507797417953668,
        0.7459323721042471,
        0.7459474541505792,
        0.7496335062741313,
        0.7561202944015445,
        0.7399749638030888,
        0.7497330477799228,
        0.7402690637065638,
        0.7404048021235522,
        0.7438420004826254,
        0.7451405646718147,
        0.7381047900579151,
        0.7482927123552124,
        0.7477497586872587,
        0.7509471525096526,
        0.7423880912162163,
        0.7466261462355213,
        0.7336103402509653,
        0.743831443050193,
        0.7424484194015445,
        0.7506907577220078,
        0.7490649131274131,
        0.748039333976834,
        0.7415434966216217,
        0.7365362572393823,
        0.7510527268339768,
        0.7443487572393823,
        0.7356765805984556,
        0.741339888996139
    ],
    "val_roc_auc": [
        0.7295102617284556,
        0.7377564953608202,
        0.749302564924678,
        0.7550161167995884,
        0.777851989618126,
        0.7800665676852104,
        0.7832037449562128,
        0.7931285163452293,
        0.7876300419873491,
        0.78971523047697,
        0.7935077024829746,
        0.7922801056215381,
        0.7975799157107087,
        0.7999687371746261,
        0.7979316359973103,
        0.8035250117275909,
        0.8022391867493134,
        0.8078475154691422,
        0.8055192641626258,
        0.806313360971326,
        0.8152384031847797,
        0.8147346792160786,
        0.81298105022354,
        0.8131861203147916,
        0.8152395686790096,
        0.8162897789513621,
        0.814990346199991,
        0.8144551363041973,
        0.8125768217844513,
        0.8130855843806316,
        0.8165951079207102,
        0.8154538405230348,
        0.8120281190322904,
        0.812516223494431,
        0.8148440183994354,
        0.8159181604882193,
        0.8160041234743768,
        0.8143450454524175,
        0.8126782637396647,
        0.8122053375792107,
        0.815443983054165,
        0.8154340087846882,
        0.8123791037262513,
        0.8157619374155867,
        0.8156669702329515,
        0.814530649529374,
        0.8131226448364834,
        0.8130308723388403,
        0.8134002072873185,
        0.8138118104916198
    ],