{
    "accuracy": 0.7306463883785025,
    "loss": 0.3760157192419388,
    "roc_auc": 0.7993827471335563,
    "avg_precision": 0.8762641632860112
}