{
    "accuracy": 0.7347307073954984,
    "loss": 0.3800952553365775,
    "roc_auc": 0.80394833400416,
    "avg_precision": 0.8721498460473738
}