{
    "accuracy": 0.7267483922829583,
    "loss": 0.3807188423404356,
    "roc_auc": 0.796645253319994,
    "avg_precision": 0.8737624562540954
}