{
    "train_loss": [
        0.420857848381174,
        0.4089412944070224,
        0.40805794987185245,
        0.40504018397166813,
        0.4027558207511902,
        0.3997074180635913,
        0.39899730826246327,
        0.39516563312760716,
        0.39448095169560665,
        0.38498545165719655,
        0.3919101904178488,
        0.38830564165937487,
        0.38249225595901754,
        0.3817148634072008,
        0.37759736056985527,
        0.3727454407461758,
        0.36476118215199177,
        0.3672593692253376,
        0.3632300477603386,
        0.36366749878587395,
        0.36170726500708483,
        0.353076937897452,
        0.3485928654670715,
        0.34664253016998026,
        0.348075709877343,
        0.34694281035456165,
        0.3421777569014451,
        0.3503363155085465,
        0.3402809558243587,
        0.34816313447623415,
        0.3400654609861045,
        0.3386575487153283,
        0.33749937065716445,
        0.3350959843602674,
        0.33724678035440114,
        0.3338797885796119,
        0.34172556801088927,
        0.33152142002664764,
        0.3329937684124914,
        0.33093838013451676,
        0.32427552445181484,
        0.3262345967621639,
        0.3263746358197311,
        0.3281589485447982,
        0.32416428933883534,
        0.3193297969883886,
        0.32038092397410295,
        0.3246665312298413,
        0.3232536026116075,
        0.3158404715102294
    ],
    "train_acc": [
        0.6598060344827587,
        0.6736530172413793,
        0.6798491379310345,
        0.6855603448275862,
        0.6890625,
        0.6929956896551724,
        0.694396551724138,
        0.6989224137931035,
        0.6996228448275862,
        0.7060344827586207,
        0.7036637931034483,
        0.709698275862069,
        0.7072737068965518,
        0.7116918103448275,
        0.7205818965517241,
        0.7182650862068966,
        0.7295258620689655,
        0.7249461206896551,
        0.7322198275862069,
        0.7332435344827586,
        0.7363685344827586,
        0.7410021551724137,
        0.746875,
        0.7463362068965518,
        0.7416487068965517,
        0.7463362068965518,
        0.7553879310344828,
        0.7496228448275862,
        0.7572737068965517,
        0.75,
        0.7521012931034483,
        0.7599137931034483,
        0.7570581896551725,
        0.7627155172413793,
        0.7560883620689656,
        0.7651400862068966,
        0.7561422413793103,
        0.761260775862069,
        0.7627693965517242,
        0.7624461206896552,
        0.769989224137931,
        0.7641163793103448,
        0.7674030172413793,
        0.7663793103448275,
        0.7691271551724138,
        0.774676724137931,
        0.7714978448275862,
        0.7695043103448276,
        0.7674568965517241,
        0.7774245689655173
    ],
    "val_loss": [
        0.4203770446719847,
        0.4111624878031648,
        0.4142724599006475,
        0.4092346515111218,
        0.40530355562159487,
        0.4027751447974294,
        0.4022956480454785,
        0.3983997590959647,
        0.39921659700740186,
        0.39698041199296236,
        0.39964519436336404,
        0.39282437854736946,
        0.39245029181912783,
        0.38627505304824883,
        0.3875872960907087,
        0.3931490195094581,
        0.3788217943628885,
        0.37909540277681164,
        0.37595027718705,
        0.3759474941436501,
        0.3742050877338054,
        0.3770372908310875,
        0.3752719480604221,
        0.3736255421420002,
        0.37360577246958804,
        0.3741267503889044,
        0.3737657511445104,
        0.37908029060367604,
        0.3763289200052188,
        0.3743044632903249,
        0.3765695071105405,
        0.3762148637863601,
        0.37766946816271907,
        0.37579128667233075,
        0.3756376327856944,
        0.3754558761355578,
        0.3750660352145361,
        0.3774111148724602,
        0.37485645567680864,
        0.37741994055233585,
        0.3760157192419388,
        0.3806788323153637,
        0.37630221343500436,
        0.3787948937781179,
        0.37894845789843434,
        0.3775620147873351,
        0.3813493579051119,
        0.3787526043904556,
        0.3807111342356711,
        0.3807188423404356
    ],
    "val_acc": [
        0.6329431270096463,
        0.6887359324758843,
        0.6279190112540193,
        0.6761254019292605,
        0.6985078376205788,
        0.6980556672025724,
        0.6709340548920533,
        0.7028084807073955,
        0.7134768316490583,
        0.6981827055581075,
        0.69625775149288,
        0.7144902675700505,
        0.7217745176848875,
        0.7177085725769408,
        0.7207653881488286,
        0.6995880225080386,
        0.7189150780891135,
        0.7083938619660083,
        0.7225489492420762,
        0.7235623851630684,
        0.7135184600367478,
        0.7272091754708314,
        0.7232444304088195,
        0.7185633899862195,
        0.7266105879650896,
        0.7237217214056041,
        0.7221305121727147,
        0.7307971118511714,
        0.7281594510794671,
        0.7214902962792834,
        0.7215161345888838,
        0.7287372243913642,
        0.729789417776757,
        0.7292446600826826,
        0.7171702744602664,
        0.7289518259072117,
        0.7266069993109784,
        0.7300183739090491,
        0.7256014584290308,
        0.724181786862655,
        0.7306463883785025,
        0.7334598932016536,
        0.7243167202572347,
        0.7209749655489205,
        0.7205227951309141,
        0.7277324012402389,
        0.728511139182361,
        0.7294111736334405,
        0.7271252009646303,
        0.7267483922829583
    ],
    "val_roc_auc": [
        0.7251581878588389,
        0.7409458897254286,
        0.745471616365751,
        0.744941409713142,
        0.7490993113926477,
        0.7531487416465517,
        0.7567349004075452,
        0.7602424754100694,
        0.761977257672763,
        0.762613349047892,
        0.761685491623277,
        0.7704357922150449,
        0.7741972169796498,
        0.7779319059185948,
        0.778318537897798,
        0.7752846964774974,
        0.7880816677046094,
        0.7866996920608706,
        0.7910249660821369,
        0.7927996032537307,
        0.7956282685102166,
        0.7940993118987419,
        0.7953572466947951,
        0.7955532372510346,
        0.7983310133418321,
        0.7959036075893149,
        0.795508671449728,
        0.7926617347910913,
        0.7961973080428448,
        0.7966794962078596,
        0.7955715944080158,
        0.7974541561424403,
        0.7948860365538934,
        0.796703991161393,
        0.7952660879042233,
        0.7977524325299552,
        0.7980222186323283,
        0.795716103949655,
        0.7980501367499946,
        0.7969841086121084,
        0.7993827471335563,
        0.7965876949589679,
        0.7975034876630122,
        0.798397918979376,
        0.7989695536499877,
        0.7987574215041894,
        0.7953894413074484,
        0.7972043073352354,
        0.7972624673858917,
        0.796645253319994
    ],