{
    "accuracy": 0.3548828125,
    "loss": 2.087147682905197,
    "roc_auc": 0.28720275139207335,
    "avg_precision": 0.5107467677386606
}