{
    "train_loss": [
        0.4428766667842865,
        0.41459760069847107,
        0.3455530107021332,
        0.3468821197748184,
        0.3673810809850693,
        0.3404242694377899,
        0.3213728219270706,
        0.3852403610944748,
        0.40002574026584625,
        0.3131738752126694
    ],
    "train_acc": [
        0.578125,
        0.71875,
        0.74609375,
        0.7109375,
        0.76953125,
        0.77734375,
        0.80078125,
        0.75,
        0.734375,
        0.78125
    ],
    "val_loss": [
        0.0,
        0.0,
        0.0,
        0.0,
        0.0,
        0.0,
        0.0,
        0.0,
        0.0,
        0.0
    ],
    "val_acc": [
        0.0,
        0.0,
        0.0,
        0.0,
        0.0,
        0.0,
        0.0,
        0.0,
        0.0,
        0.0
    ],
    "val_roc_auc": [
        0.0,
        0.0,
        0.0,
        0.0,
        0.0,
        0.0,
        0.0,
        0.0,
        0.0,
        0.0
    ],
    "val_avg_precision": [
        0.0,
        0.0,
        0.0,
        0.0,
        0.0,
        0.0,
        0.0,
        0.0,
        0.0,
        0.0
    ],
    "learning_rate": [
        0.001,
        0.001,
        0.001,
        0.001,
        0.001,
        0.001,
        0.001,
        0.001,
        0.001,
        0.001
    ]
}