{
    "accuracy": 0.7129943729903537,
    "loss": 0.41508745375745165,
    "roc_auc": 0.7862187863040868,
    "avg_precision": 0.8555301934890098
}