{
    "accuracy": 0.7141120234267341,
    "loss": 0.3940970999491176,
    "roc_auc": 0.7844296534512905,
    "avg_precision": 0.8663001047314354
}