{
    "accuracy": 0.712981597381718,
    "loss": 0.39799113118859347,
    "roc_auc": 0.7833648877369738,
    "avg_precision": 0.8650684495344481
}