{
    "train_loss": [
        0.42199232290531025,
        0.41459210371148997,
        0.41559908944984963,
        0.41291858019499944,
        0.41106074329080255,
        0.4067074670873839,
        0.4102050144096901,
        0.4046579737087776,
        0.40086006604391955,
        0.39722473539155106,
        0.40296387055824545,
        0.3973013129727594,
        0.3928887770093721,
        0.3917245914196146,
        0.38742990062154575,
        0.3817350021724043,
        0.37448946689737256,
        0.3750885297512186,
        0.3729909750921973,
        0.3690968536097428,
        0.3667740618360454,
        0.35668219718439825,
        0.3550633541468916,
        0.35289476452202634,
        0.3514207060994773,
        0.3501796520989517,
        0.3452578809754602,
        0.3555699586868286,
        0.3422920746022257,
        0.34810892055774556,
        0.3450716082392068,
        0.3397190792807217,
        0.33800753375579573,
        0.33596100581103355,
        0.3424284634919002,
        0.3338746165407115,
        0.3415428654900913,
        0.33598610471034873,
        0.33491355530146893,
        0.33669131336541014,
        0.3303761083504249,
        0.3255525533495278,
        0.3275864355523011,
        0.3273924200699247,
        0.3270025499935808,
        0.3179462130727439,
        0.324674319193281,
        0.3254314915887241,
        0.3224347634562131,
        0.3180884677788307
    ],
    "train_acc": [
        0.6594288793103448,
        0.6655172413793103,
        0.6692887931034482,
        0.6750538793103448,
        0.6761314655172413,
        0.6864762931034483,
        0.6808189655172414,
        0.6859375,
        0.6938577586206897,
        0.6980603448275862,
        0.6922952586206896,
        0.7030172413793103,
        0.6997306034482759,
        0.7020474137931034,
        0.7032327586206897,
        0.7089439655172414,
        0.7213362068965518,
        0.7210129310344827,
        0.7247844827586207,
        0.7310344827586207,
        0.7285021551724138,
        0.7402478448275862,
        0.7427262931034483,
        0.7406788793103448,
        0.7427262931034483,
        0.743103448275862,
        0.7526939655172413,
        0.7454202586206896,
        0.7543103448275862,
        0.7508081896551724,
        0.7507004310344828,
        0.7563038793103448,
        0.7603987068965518,
        0.7605064655172413,
        0.7527478448275862,
        0.762823275862069,
        0.7586745689655172,
        0.760614224137931,
        0.7627693965517242,
        0.7615840517241379,
        0.7677262931034483,
        0.7670258620689655,
        0.7682650862068966,
        0.7681034482758621,
        0.7703125,
        0.7767241379310345,
        0.7711206896551724,
        0.7682112068965518,
        0.7732758620689655,
        0.7767780172413793
    ],
    "val_loss": [
        0.43064784337661655,
        0.4162843178514499,
        0.4263997204434067,
        0.4205423206617978,
        0.42233166663976346,
        0.42110705941053067,
        0.4271694249278863,
        0.4122936850671216,
        0.41001047150881725,
        0.4133517270686159,
        0.4235886019142494,
        0.4199554734291371,
        0.41005429227827445,
        0.40890436339225034,
        0.4081055427575035,
        0.4076673843182168,
        0.39432573390352,
        0.396900613591602,
        0.3925637803085364,
        0.39501151933643214,
        0.38887520630355815,
        0.39810750175902315,
        0.39389140690733765,
        0.3869389021272061,
        0.3909274141792316,
        0.4003529844272558,
        0.39377255661119603,
        0.391027630621214,
        0.3952752552040137,
        0.3936174349242468,
        0.39669477767116385,
        0.3907320964901777,
        0.4025194470761673,
        0.39280086861162705,
        0.3894377900137779,
        0.39321649093719924,
        0.39067250602785797,
        0.39259542323577057,
        0.39875778531913203,
        0.39659354869288266,
        0.3924366432179209,
        0.3984437188151565,
        0.39620767124116996,
        0.3966887569072929,
        0.3978028255260259,
        0.3940970999491176,
        0.39745705387887464,
        0.39505454267815376,
        0.4004432961967597,
        0.39799113118859347
    ],
    "val_acc": [
        0.6072447749196141,
        0.6769543810289389,
        0.6291499196141479,
        0.6777331189710611,
        0.687027733118971,
        0.6689157958199357,
        0.6369624196141479,
        0.670272307073955,
        0.6738896704180064,
        0.684695825677538,
        0.6628617363344051,
        0.6639670418006431,
        0.6959835783187873,
        0.704955931327515,
        0.7149122932935232,
        0.6833644350022968,
        0.7010198954983923,
        0.6710761655948553,
        0.7076309141019752,
        0.7287243052365641,
        0.7136347324299496,
        0.7008648656407901,
        0.694580414561323,
        0.6975991903996325,
        0.703322375976114,
        0.7247882694074415,
        0.7246375459347727,
        0.7129521704180064,
        0.7211206649058337,
        0.7136009990813046,
        0.6980556672025724,
        0.7189559887459808,
        0.6937514354616445,
        0.7066971463022508,
        0.6994581132292145,
        0.7186251148369316,
        0.7066009703720717,
        0.7037243052365642,
        0.7089745062011944,
        0.7095271589343133,
        0.719383038585209,
        0.7196048174092788,
        0.7155101630684428,
        0.7063368454294902,
        0.7119516536518145,
        0.7141120234267341,
        0.7211917202572348,
        0.7149575103353238,
        0.7086271244832338,
        0.712981597381718
    ],
    "val_roc_auc": [
        0.722885967421442,
        0.7319462675077905,
        0.7276951840672046,
        0.7276044371809821,
        0.7251463930551116,
        0.7235710472978208,
        0.7317724593362964,
        0.7391507290330227,
        0.7417313786675317,
        0.7377796990796083,
        0.7328928012098213,
        0.7477401858966786,
        0.7477204904020156,
        0.7495899386764677,
        0.7553669843385475,
        0.75342167396713,
        0.7671900955948738,
        0.7673185493017847,
        0.7724714853661098,
        0.7761163932150373,
        0.7798293650946283,
        0.778858152277051,
        0.777593853347926,
        0.782594071305777,
        0.7772418691318532,
        0.7735390205397046,
        0.777648735033589,
        0.778831313826758,
        0.7768708838946625,
        0.7774305311646323,
        0.7814184006968173,
        0.7823789222769276,
        0.7783058349363582,
        0.7819266245906795,
        0.7839063212432856,
        0.77987809492557,
        0.782560056160248,
        0.7806104186844356,
        0.7765748469734572,
        0.7814213613471928,
        0.7839752470397039,
        0.7801258068910986,
        0.7825371708670563,
        0.7820187084087666,
        0.7849034446720067,
        0.7844296534512905,
        0.7820768979815776,
        0.7830040834257181,
        0.7795170235091047,
        0.7833648877369738
    ],