{
    "accuracy": 0.7210747301332108,
    "loss": 0.389657600468378,
    "roc_auc": 0.789384297637123,
    "avg_precision": 0.8699775664969375
}