{
    "accuracy": 0.7291217845659165,
    "loss": 0.3908107354039165,
    "roc_auc": 0.7949502618201756,
    "avg_precision": 0.8640982940908521
}