{
    "accuracy": 0.7238588079926505,
    "loss": 0.38854424506904994,
    "roc_auc": 0.7912066341758766,
    "avg_precision": 0.8706486074524377
}