{
    "train_loss": [
        0.42240918813080625,
        0.4141006155260678,
        0.4144146787709203,
        0.4129172249086972,
        0.41022607252515597,
        0.4070905662816146,
        0.4105880862679975,
        0.404244372968016,
        0.4017146217411962,
        0.3970574584500543,
        0.4019721064074286,
        0.39615436114113906,
        0.3919643759727478,
        0.3911988507057058,
        0.38905800478211766,
        0.38268506835246907,
        0.3774152398109436,
        0.37717008816784825,
        0.3752533261118264,
        0.37087662117234593,
        0.3726408152744688,
        0.36086971287069647,
        0.3607449994005006,
        0.3592127458802585,
        0.3572548683347373,
        0.35738651218085454,
        0.3497522909065773,
        0.35967369408443056,
        0.35146914494448694,
        0.3551587295943293,
        0.3486240093050332,
        0.3477019484700828,
        0.3490873172365386,
        0.34311578664286385,
        0.34816636134838236,
        0.3425977955604422,
        0.3495582683333035,
        0.34273855912274326,
        0.34298735672029956,
        0.34427696117039386,
        0.336571066749507,
        0.3340679716447304,
        0.33649045074808187,
        0.33766506437597604,
        0.3362798117358109,
        0.3285244402186624,
        0.3313338777114605,
        0.3328429221079267,
        0.3329687285012212,
        0.32413242623723787
    ],
    "train_acc": [
        0.6547952586206897,
        0.6664870689655172,
        0.6738685344827586,
        0.6757004310344827,
        0.6783405172413793,
        0.6885237068965517,
        0.6834590517241379,
        0.6903556034482758,
        0.6956896551724138,
        0.6962823275862069,
        0.6942349137931034,
        0.7037176724137931,
        0.7034482758620689,
        0.7011853448275862,
        0.7063577586206896,
        0.7097521551724137,
        0.7195043103448275,
        0.7192349137931034,
        0.720635775862069,
        0.7269396551724138,
        0.7224137931034482,
        0.7391163793103448,
        0.7386853448275862,
        0.7397090517241379,
        0.7360452586206897,
        0.7352370689655172,
        0.7483297413793103,
        0.740301724137931,
        0.7440193965517241,
        0.7392241379310345,
        0.7474137931034482,
        0.7505926724137931,
        0.7484913793103448,
        0.7547952586206896,
        0.7477370689655173,
        0.7600754310344827,
        0.7462284482758621,
        0.7535560344827587,
        0.7582974137931034,
        0.75,
        0.7615301724137931,
        0.7633081896551724,
        0.7594827586206897,
        0.7596443965517241,
        0.7633081896551724,
        0.7669719827586207,
        0.7639008620689656,
        0.7619612068965518,
        0.7625,
        0.7688038793103448
    ],
    "val_loss": [
        0.4343159195407027,
        0.4181590575688905,
        0.42314072676793557,
        0.4214154854416847,
        0.41605910419267855,
        0.41726591244004546,
        0.42927995602034297,
        0.4110503316500563,
        0.4104640017176748,
        0.4102757505329859,
        0.41296547354225943,
        0.4043621384206309,
        0.4018576919936674,
        0.41321785201788713,
        0.40318043625814737,
        0.41072207028076196,
        0.3985112170027,
        0.39321525519492156,
        0.3942218255191754,
        0.3901099339367109,
        0.385261733504162,
        0.3883817590222098,
        0.38970980112863124,
        0.3836015651894919,
        0.3857947382896276,
        0.39342135734784256,
        0.3850654134125572,
        0.38774470987331444,
        0.3881540568695191,
        0.38738554663405156,
        0.385375104868527,
        0.3881236356937617,
        0.38717520591530385,
        0.38658541670949514,
        0.3824221417547422,
        0.3901039930210236,
        0.38467448053827624,
        0.3839577079250498,
        0.3858409744606524,
        0.38968648117071564,
        0.38604447967896893,
        0.3895084592977904,
        0.3887777887644108,
        0.38852432698394707,
        0.3879351902309913,
        0.3871078998377469,
        0.38854424506904994,
        0.38747097822535076,
        0.39163474896713085,
        0.389657600468378
    ],
    "val_acc": [
        0.6001356511254019,
        0.6889620176848875,
        0.6316368569131833,
        0.6837620578778135,
        0.6844654340836013,
        0.6969295475424897,
        0.6290745578778135,
        0.6895900321543409,
        0.6847166398713826,
        0.6734626205787781,
        0.674743770096463,
        0.7020498392282959,
        0.6942875803858521,
        0.7041233635737253,
        0.7031300241157556,
        0.6789640273311898,
        0.7121777388608177,
        0.6930731798346349,
        0.713052652733119,
        0.7120894579696831,
        0.7171889354616445,
        0.7148527216352779,
        0.7002325447864034,
        0.7028077629765733,
        0.7059729559026183,
        0.7315457050987598,
        0.723795647680294,
        0.7169879708314194,
        0.7232142857142857,
        0.7169556729444189,
        0.7166492018833257,
        0.7166362827285255,
        0.7173654972439136,
        0.7110092730822233,
        0.7139620176848875,
        0.7270326136885622,
        0.718311466467616,
        0.7148527216352779,
        0.7195969223702343,
        0.715983147680294,
        0.7262998105190629,
        0.7254959519981626,
        0.7195466812126781,
        0.71226530202113,
        0.7146732889297198,
        0.7193119832338081,
        0.7238588079926505,
        0.7265258957280661,
        0.7146187413872301,
        0.7210747301332108
    ],
    "val_roc_auc": [
        0.7189221387639342,
        0.7343209860548138,
        0.7306792483229785,
        0.7287870623661086,
        0.7337399071063189,
        0.7347608886535214,
        0.7308450419323689,
        0.7412058126164847,
        0.7424261910142568,
        0.7485929628585201,
        0.7463402748410264,
        0.7558609307560503,
        0.7586542847038328,
        0.7438573027700194,
        0.7576029965560637,
        0.7546665824638581,
        0.7638812243751913,
        0.7720210475756103,
        0.7709771610537797,
        0.7777763227572941,
        0.7825047133666443,
        0.7825957076766398,
        0.781073401984883,
        0.786807322807971,
        0.7817428618297703,
        0.7789461086167421,
        0.7850334335309642,
        0.7812584018646576,
        0.7823846692563838,
        0.7846658053845126,
        0.7865797379228914,
        0.7834429316617563,
        0.7843984808675181,
        0.7861264350775651,
        0.7889783975315925,
        0.7844830505943153,
        0.787488193668574,
        0.7873808314325002,
        0.786912788597057,
        0.7867688976148506,
        0.7895980394432631,
        0.7865919586891371,
        0.788092311144302,
        0.7891681111154072,
        0.7909144351347877,
        0.7900054254972493,
        0.7912066341758766,
        0.7907933015164356,
        0.7867661197206712,
        0.789384297637123
    ],