{
    "accuracy": 0.7501930501930503,
    "loss": 0.3724689018192546,
    "roc_auc": 0.8204415394209392,
    "avg_precision": 0.8868356987724543
}