{
    "accuracy": 0.7614427485521235,
    "loss": 0.36600618872613533,
    "roc_auc": 0.8314366378866501,
    "avg_precision": 0.8898803430266186
}