{
    "accuracy": 0.756964888996139,
    "loss": 0.3704549416137363,
    "roc_auc": 0.8230765229367855,
    "avg_precision": 0.8893511955534361
}