{
    "train_loss": [
        0.31459724912342946,
        0.3136875700236352,
        0.3141575907934303,
        0.314662164708307,
        0.31216167107470766,
        0.3098782573110801,
        0.3086740736934272,
        0.30909418176151504,
        0.305493052925699,
        0.3077424892709275,
        0.30888931834993283,
        0.30505347165687025,
        0.30830547232026895,
        0.30447541198824063,
        0.3060047534440667,
        0.30654752534652546,
        0.3006140625735452,
        0.30441011005073537,
        0.30078885833586544,
        0.3050259545075992
    ],
    "train_acc": [
        0.7777634297520661,
        0.7789094783057852,
        0.7762299845041323,
        0.7801846590909091,
        0.7796519886363636,
        0.7828802944214877,
        0.7840909090909091,
        0.7837842200413223,
        0.7846397210743802,
        0.78541451446281,
        0.7834936725206612,
        0.7860763171487604,
        0.7817665289256198,
        0.787448347107438,
        0.7859794679752066,
        0.7851239669421488,
        0.7920163997933884,
        0.7879971590909091,
        0.7882069989669421,
        0.7859471849173554
    ],
    "val_loss": [
        0.3711639166172256,
        0.3717865466421585,
        0.3771720240413999,
        0.3730554607630308,
        0.3736813419161843,
        0.3703569607291385,
        0.37864363333120454,
        0.36973697178310294,
        0.37517240184896833,
        0.37542856177566825,
        0.37178812030380104,
        0.3719487189869019,
        0.3733603326535449,
        0.3704549416137363,
        0.37729378296943333,
        0.36891796816190753,
        0.366280617722774,
        0.37106907629865515,
        0.365228891972287,
        0.3724689018192546
    ],
    "val_acc": [
        0.7494796694015444,
        0.7515609917953668,
        0.7516032215250966,
        0.7536317567567568,
        0.7542350386100386,
        0.7534130670849422,
        0.7517992881274131,
        0.7503815757722008,
        0.7455251568532819,
        0.7511809242277993,
        0.7546347128378379,
        0.757709942084942,
        0.7578924348455599,
        0.756964888996139,
        0.7449294160231661,
        0.7539107746138997,
        0.7446760376447876,
        0.7540465130308881,
        0.7546347128378379,
        0.7501930501930503
    ],
    "val_roc_auc": [
        0.8191272561631335,
        0.8197814961760946,
        0.8176728694468014,
        0.8183476819400237,
        0.8190890741702697,
        0.8210618005046029,
        0.8164276667149315,
        0.8218831333309943,
        0.8190514990381943,
        0.8204303677568516,
        0.8224270050593359,
        0.82108308257995,
        0.8228709193305026,
        0.8230765229367855,
        0.8189746794045067,
        0.8222164914318336,
        0.821439899391966,
        0.8202593444146049,
        0.823421216222562,
        0.8204415394209392
    ],
    "val_avg_precision": [
        0.8859154734492999,
        0.8857890045464973,
        0.8844044247115225,
        0.8841678536237056,
        0.8857411422118294,
        0.8867754741126549,
        0.8834347730357276,
        0.8878670863889302,
        0.8852898139299021,
        0.8868268512304641,
        0.8874318549998401,
        0.8882038203275787,
        0.8885172032545767,
        0.8893511955534361,
        0.8854745659466666,
        0.8880296539517646,
        0.8873025792309438,
        0.8866995438233779,
        0.8885738655122056,
        0.8868356987724543
    ],
    "learning_rate": [
        0.0005,
        0.0005,
        0.0005,
        0.0005,
        0.0005,
        0.0005,
        0.0005,
        0.0005,
        0.0005,
        0.0005,
        0.0005,
        0.0005,
        0.0005,
        0.0005,
        0.0005,
        0.0005,
        0.0005,
        0.0005,
        0.0005,
        0.0005
    ]
}