{
    "accuracy": 0.6666915480018374,
    "loss": 1.0528776706031664,
    "roc_auc": 0.7335386391134653,
    "avg_precision": 0.8248994011773194
}