{
    "accuracy": 0.6608133325677539,
    "loss": 1.0758309942637225,
    "roc_auc": 0.7185061491105666,
    "avg_precision": 0.8146872796472873
}