{
    "accuracy": 0.6496483118971061,
    "loss": 1.0775232140657602,
    "roc_auc": 0.7434656973008511,
    "avg_precision": 0.8162246552418511
}