{
    "train_loss": [
        1.0944036187796757,
        1.0541022872102672,
        1.058011493600648,
        1.0545135666584147,
        1.0442506872374435
    ],
    "train_acc": [
        0.662823275862069,
        0.6689655172413793,
        0.6658405172413793,
        0.6656788793103449,
        0.6676185344827587
    ],
    "val_loss": [
        1.1457109903599287,
        1.0862510323620302,
        1.132416275344861,
        1.0528776706031664,
        1.0758309942637225
    ],
    "val_acc": [
        0.6901728295819936,
        0.6576230190629306,
        0.6839185231970601,
        0.6666915480018374,
        0.6608133325677539
    ],
    "val_roc_auc": [
        0.7134636498038593,
        0.7249443096884605,
        0.7228959177934063,
        0.7335386391134653,
        0.7185061491105666
    ],
    "val_avg_precision": [
        0.8116865036325842,
        0.8196800049432842,
        0.8165461966318146,
        0.8248994011773194,
        0.8146872796472873
    ],
    "learning_rate": [
        0.001,
        0.001,
        0.001,
        0.001,
        0.001
    ]
}